{
  "test/unit/unitTests.qunit.js": 1619160076832,
  "test/integration/NavigationJourney.js": 1619090812130,
  "test/unit/controller/App.controller.js": 1619160076832,
  "test/integration/pages/App.js": 1619090812130,
  "test/integration/arrangements/Startup.js": 1619160076716,
  "i18n/i18n.properties": 1619090812130,
  "test/unit/AllTests.js": 1619160076740,
  "test/integration/opaTests.qunit.js": 1619160076716,
  "manifest.json": 1619160076620,
  "test/integration/AllJourneys.js": 1619160076640,
  "test/initMockServer.js": 1619090812130,
  "model/models.js": 1619090812130,
  "localService/mockserver.js": 1619160076616,
  "controller/Overview.controller.js": 1619160076520,
  "controller/NotFound.controller.js": 1619160076520,
  "controller/ListSelector.js": 1619160076516,
  "controller/Carrier.controller.js": 1619160076516,
  "controller/App.controller.js": 1619160076428,
  "Component.js": 1619160076424,
  "manifest-bundle.zip": 1619160140713,
  "Component-preload.js": 1619160140947,
  "model/models-dbg.js": 1619090812130,
  "test/integration/pages/App-dbg.js": 1619090812130,
  "test/integration/arrangements/Startup-dbg.js": 1619160076716,
  "test/unit/unitTests.qunit-dbg.js": 1619160076832,
  "test/unit/AllTests-dbg.js": 1619160076740,
  "test/integration/opaTests.qunit-dbg.js": 1619160076716,
  "test/integration/NavigationJourney-dbg.js": 1619090812130,
  "test/integration/AllJourneys-dbg.js": 1619160076640,
  "test/initMockServer-dbg.js": 1619090812130,
  "test/unit/controller/App-dbg.controller.js": 1619160076832,
  "localService/mockserver-dbg.js": 1619160076616,
  "controller/Overview-dbg.controller.js": 1619160076520,
  "controller/NotFound-dbg.controller.js": 1619160076520,
  "controller/ListSelector-dbg.js": 1619160076516,
  "controller/Carrier-dbg.controller.js": 1619160076516,
  "controller/App-dbg.controller.js": 1619160076428,
  "Component-dbg.js": 1619160076424,
  "test/unit/unitTests.qunit.html": 1619160076832,
  "test/integration/opaTests.qunit.html": 1619160076716,
  "view/Overview.view.xml": 1619160077324,
  "view/NotFound.view.xml": 1619160077324,
  "view/Carrier.view.xml": 1619160077324,
  "view/App.view.xml": 1619160077244,
  "test/mockServer.html": 1619160076832,
  "localService/metadata.xml": 1619090812130,
  "fragments/ViewSettingsDialog.fragment.xml": 1619090812130,
  "css/style.css": 1619090812130,
  "index.html": 1619160076612
}